2003-01-02,0.7
2003-01-03,0.71
2003-01-06,0.71
2003-01-07,0.7
2003-01-08,0.69
2003-01-09,0.7
2003-01-10,0.7
2003-01-13,0.69
2003-01-14,0.69
2003-01-15,0.68
2003-01-16,0.69
2003-01-17,0.67
2003-01-21,0.67
2003-01-22,0.66
2003-01-23,0.67
2003-01-24,0.65
2003-01-27,0.67
2003-01-28,0.69
2003-01-29,0.71
2003-01-30,0.68
2003-01-31,0.68
2003-02-03,0.7
2003-02-04,0.69
2003-02-05,0.69
2003-02-06,0.68
2003-02-07,0.67
2003-02-10,0.68
2003-02-11,0.68
2003-02-12,0.68
2003-02-13,0.69
2003-02-14,0.7
2003-02-18,0.72
2003-02-19,0.7
2003-02-20,0.7
2003-02-21,0.71
2003-02-24,0.7
2003-02-25,0.71
2003-02-26,0.69
2003-02-27,0.71
2003-02-28,0.71
2003-03-03,0.7
2003-03-04,0.69
2003-03-05,0.69
2003-03-06,0.69
2003-03-07,0.69
2003-03-10,0.68
2003-03-11,0.68
2003-03-12,0.67
2003-03-13,0.7
2003-03-14,0.7
2003-03-17,0.71
2003-03-18,0.71
2003-03-19,0.71
2003-03-20,0.71
2003-03-21,0.71
2003-03-24,0.68
2003-03-25,0.69
2003-03-26,0.68
2003-03-27,0.69
2003-03-28,0.69
2003-03-31,0.67
2003-04-01,0.67
2003-04-02,0.69
2003-04-03,0.69
2003-04-04,0.68
2003-04-07,0.69
2003-04-08,0.69
2003-04-09,0.67
2003-04-10,0.68
2003-04-11,0.63
2003-04-14,0.64
2003-04-15,0.64
2003-04-16,0.63
2003-04-17,0.62
2003-04-21,0.62
2003-04-22,0.64
2003-04-23,0.64
2003-04-24,0.64
2003-04-25,0.63
2003-04-28,0.66
2003-04-29,0.67
2003-04-30,0.67
2003-05-01,0.68
2003-05-02,0.69
2003-05-05,0.76
2003-05-06,0.83
2003-05-07,0.84
2003-05-08,0.85
2003-05-09,0.87
2003-05-12,0.88
2003-05-13,0.89
2003-05-14,0.88
2003-05-15,0.89
2003-05-16,0.89
2003-05-19,0.86
2003-05-20,0.84
2003-05-21,0.85
2003-05-22,0.87
2003-05-23,0.87
2003-05-27,0.9
2003-05-28,0.87
2003-05-29,0.86
2003-05-30,0.85
2003-06-02,0.83
2003-06-03,0.82
2003-06-04,0.84
2003-06-05,0.84
2003-06-06,0.81
2003-06-09,0.8
2003-06-10,0.82
2003-06-11,0.83
2003-06-12,0.84
2003-06-13,0.83
2003-06-16,0.87
2003-06-17,0.86
2003-06-18,0.91
2003-06-19,0.91
2003-06-20,0.91
2003-06-23,0.9
2003-06-24,0.89
2003-06-25,0.91
2003-06-26,0.92
2003-06-27,0.89
2003-06-30,0.9
2003-07-01,0.91
2003-07-02,0.91
2003-07-03,0.91
2003-07-07,0.94
2003-07-08,0.97
2003-07-09,0.94
2003-07-10,0.93
2003-07-11,0.94
2003-07-14,0.94
2003-07-15,0.93
2003-07-16,0.94
2003-07-17,0.99
2003-07-18,0.99
2003-07-21,0.98
2003-07-22,0.99
2003-07-23,0.99
2003-07-24,0.97
2003-07-25,1.02
2003-07-28,1.0
2003-07-29,0.98
2003-07-30,0.96
2003-07-31,1.0
2003-08-01,0.98
2003-08-04,1.01
2003-08-05,0.97
2003-08-06,0.93
2003-08-07,0.95
2003-08-08,0.93
2003-08-11,0.93
2003-08-12,0.93
2003-08-13,0.96
2003-08-14,0.95
2003-08-15,0.94
2003-08-18,0.97
2003-08-19,0.96
2003-08-20,1.0
2003-08-21,1.03
2003-08-22,0.99
2003-08-25,0.99
2003-08-26,1.0
2003-08-27,1.02
2003-08-28,1.05
2003-08-29,1.07
2003-09-02,1.08
2003-09-03,1.09
2003-09-04,1.08
2003-09-05,1.07
2003-09-08,1.08
2003-09-09,1.06
2003-09-10,1.05
2003-09-11,1.07
2003-09-12,1.1
2003-09-15,1.05
2003-09-16,1.06
2003-09-17,1.05
2003-09-18,1.09
2003-09-19,1.07
2003-09-22,1.05
2003-09-23,1.06
2003-09-24,1.01
2003-09-25,0.97
2003-09-26,0.98
2003-09-29,1.01
2003-09-30,0.98
2003-10-01,0.99
2003-10-02,0.98
2003-10-03,1.03
2003-10-06,1.06
2003-10-07,1.1
2003-10-08,1.09
2003-10-09,1.11
2003-10-10,1.12
2003-10-13,1.16
2003-10-14,1.16
2003-10-15,1.18
2003-10-16,1.1
2003-10-17,1.08
2003-10-20,1.1
2003-10-21,1.1
2003-10-22,1.08
2003-10-23,1.09
2003-10-24,1.07
2003-10-27,1.07
2003-10-28,1.13
2003-10-29,1.12
2003-10-30,1.1
2003-10-31,1.09
2003-11-03,1.1
2003-11-04,1.09
2003-11-05,1.09
2003-11-06,1.1
2003-11-07,1.07
2003-11-10,1.04
2003-11-11,1.02
2003-11-12,1.06
2003-11-13,1.06
2003-11-14,1.02
2003-11-17,1.0
2003-11-18,0.97
2003-11-19,0.97
2003-11-20,0.97
2003-11-21,0.96
2003-11-24,1.0
2003-11-25,0.98
2003-11-26,0.98
2003-11-28,0.99
2003-12-01,1.03
2003-12-02,1.02
2003-12-03,1.0
2003-12-04,1.0
2003-12-05,0.99
2003-12-08,1.0
2003-12-09,0.97
2003-12-10,0.97
2003-12-11,1.01
2003-12-12,0.99
2003-12-15,0.96
2003-12-16,0.95
2003-12-17,0.94
2003-12-18,0.95
2003-12-19,0.93
2003-12-22,0.94
2003-12-23,0.94
2003-12-24,0.97
2003-12-26,0.99
2003-12-29,1.0
2003-12-30,1.01
2003-12-31,1.01
2004-01-02,1.01
2004-01-05,1.05
2004-01-06,1.05
2004-01-07,1.07
2004-01-08,1.11
2004-01-09,1.09
2004-01-12,1.13
2004-01-13,1.14
2004-01-14,1.15
2004-01-15,1.08
2004-01-16,1.08
2004-01-20,1.08
2004-01-21,1.07
2004-01-22,1.05
2004-01-23,1.07
2004-01-26,1.09
2004-01-27,1.09
2004-01-28,1.07
2004-01-29,1.08
2004-01-30,1.07
2004-02-02,1.06
2004-02-03,1.06
2004-02-04,1.03
2004-02-05,1.06
2004-02-06,1.08
2004-02-09,1.08
2004-02-10,1.09
2004-02-11,1.13
2004-02-12,1.13
2004-02-13,1.09
2004-02-17,1.1
2004-02-18,1.1
2004-02-19,1.07
2004-02-20,1.06
2004-02-23,1.05
2004-02-24,1.06
2004-02-25,1.08
2004-02-26,1.09
2004-02-27,1.13
2004-03-01,1.14
2004-03-02,1.13
2004-03-03,1.13
2004-03-04,1.19
2004-03-05,1.27
2004-03-08,1.23
2004-03-09,1.29
2004-03-10,1.31
2004-03-11,1.29
2004-03-12,1.31
2004-03-15,1.25
2004-03-16,1.23
2004-03-17,1.24
2004-03-18,1.22
2004-03-19,1.23
2004-03-22,1.23
2004-03-23,1.2
2004-03-24,1.21
2004-03-25,1.27
2004-03-26,1.28
2004-03-29,1.32
2004-03-30,1.32
2004-03-31,1.28
2004-04-01,1.29
2004-04-02,1.3
2004-04-05,1.34
2004-04-06,1.32
2004-04-07,1.3
2004-04-08,1.31
2004-04-12,1.33
2004-04-13,1.28
2004-04-14,1.26
2004-04-15,1.39
2004-04-16,1.38
2004-04-19,1.35
2004-04-20,1.32
2004-04-21,1.32
2004-04-22,1.32
2004-04-23,1.31
2004-04-26,1.29
2004-04-27,1.28
2004-04-28,1.25
2004-04-29,1.27
2004-04-30,1.22
2004-05-03,1.24
2004-05-04,1.24
2004-05-05,1.26
2004-05-06,1.26
2004-05-07,1.27
2004-05-10,1.25
2004-05-11,1.29
2004-05-12,1.3
2004-05-13,1.29
2004-05-14,1.28
2004-05-17,1.26
2004-05-18,1.28
2004-05-19,1.26
2004-05-20,1.27
2004-05-21,1.29
2004-05-24,1.3
2004-05-25,1.35
2004-05-26,1.35
2004-05-27,1.34
2004-05-28,1.33
2004-06-01,1.33
2004-06-02,1.37
2004-06-03,1.35
2004-06-04,1.37
2004-06-07,1.41
2004-06-08,1.44
2004-06-09,1.43
2004-06-10,1.46
2004-06-14,1.43
2004-06-15,1.46
2004-06-16,1.55
2004-06-17,1.56
2004-06-18,1.56
2004-06-21,1.53
2004-06-22,1.57
2004-06-23,1.6
2004-06-24,1.57
2004-06-25,1.6
2004-06-28,1.54
2004-06-29,1.54
2004-06-30,1.54
2004-07-01,1.53
2004-07-02,1.47
2004-07-06,1.47
2004-07-07,1.44
2004-07-08,1.43
2004-07-09,1.42
2004-07-12,1.38
2004-07-13,1.39
2004-07-14,1.4
2004-07-15,1.56
2004-07-16,1.53
2004-07-19,1.52
2004-07-20,1.53
2004-07-21,1.5
2004-07-22,1.5
2004-07-23,1.46
2004-07-26,1.48
2004-07-27,1.54
2004-07-28,1.53
2004-07-29,1.55
2004-07-30,1.53
2004-08-02,1.5
2004-08-03,1.48
2004-08-04,1.51
2004-08-05,1.49
2004-08-06,1.41
2004-08-09,1.44
2004-08-10,1.5
2004-08-11,1.47
2004-08-12,1.44
2004-08-13,1.46
2004-08-16,1.46
2004-08-17,1.46
2004-08-18,1.51
2004-08-19,1.46
2004-08-20,1.46
2004-08-23,1.47
2004-08-24,1.52
2004-08-25,1.57
2004-08-26,1.64
2004-08-27,1.63
2004-08-30,1.62
2004-08-31,1.64
2004-09-01,1.7
2004-09-02,1.69
2004-09-03,1.67
2004-09-07,1.7
2004-09-08,1.72
2004-09-09,1.69
2004-09-10,1.7
2004-09-13,1.69
2004-09-14,1.68
2004-09-15,1.67
2004-09-16,1.72
2004-09-17,1.76
2004-09-20,1.79
2004-09-21,1.8
2004-09-22,1.75
2004-09-23,1.77
2004-09-24,1.77
2004-09-27,1.78
2004-09-28,1.8
2004-09-29,1.84
2004-09-30,1.84
2004-10-01,1.83
2004-10-04,1.84
2004-10-05,1.87
2004-10-06,1.93
2004-10-07,1.88
2004-10-08,1.85
2004-10-11,1.83
2004-10-12,1.82
2004-10-13,1.89
2004-10-14,2.13
2004-10-15,2.16
2004-10-18,2.27
2004-10-19,2.25
2004-10-20,2.25
2004-10-21,2.27
2004-10-22,2.25
2004-10-25,2.26
2004-10-26,2.28
2004-10-27,2.39
2004-10-28,2.48
2004-10-29,2.49
2004-11-01,2.49
2004-11-02,2.54
2004-11-03,2.62
2004-11-04,2.58
2004-11-05,2.6
2004-11-08,2.58
2004-11-09,2.56
2004-11-10,2.6
2004-11-11,2.62
2004-11-12,2.63
2004-11-15,2.62
2004-11-16,2.61
2004-11-17,2.6
2004-11-18,2.63
2004-11-19,2.62
2004-11-22,2.91
2004-11-23,2.91
2004-11-24,3.04
2004-11-26,3.06
2004-11-29,3.25
2004-11-30,3.18
2004-12-01,3.22
2004-12-02,3.09
2004-12-03,2.97
2004-12-06,3.12
2004-12-07,2.98
2004-12-08,3.0
2004-12-09,3.04
2004-12-10,3.09
2004-12-13,3.08
2004-12-14,3.1
2004-12-15,3.1
2004-12-16,3.16
2004-12-17,3.08
2004-12-20,2.98
2004-12-21,3.02
2004-12-22,3.02
2004-12-23,3.04
2004-12-27,3.0
2004-12-28,3.05
2004-12-29,3.06
2004-12-30,3.07
2004-12-31,3.06
2005-01-03,3.0
2005-01-04,3.03
2005-01-05,3.06
2005-01-06,3.06
2005-01-07,3.29
2005-01-10,3.27
2005-01-11,3.06
2005-01-12,3.11
2005-01-13,3.31
2005-01-14,3.33
2005-01-18,3.35
2005-01-19,3.32
2005-01-20,3.34
2005-01-21,3.34
2005-01-24,3.36
2005-01-25,3.42
2005-01-26,3.43
2005-01-27,3.45
2005-01-28,3.51
2005-01-31,3.65
2005-02-01,3.68
2005-02-02,3.78
2005-02-03,3.69
2005-02-04,3.74
2005-02-07,3.75
2005-02-08,3.84
2005-02-09,3.74
2005-02-10,3.72
2005-02-11,3.85
2005-02-14,4.02
2005-02-15,4.19
2005-02-16,4.28
2005-02-17,4.17
2005-02-18,4.12
2005-02-22,4.05
2005-02-23,4.19
2005-02-24,4.22
2005-02-25,4.22
2005-02-28,4.26
2005-03-01,4.22
2005-03-02,4.19
2005-03-03,3.97
2005-03-04,4.06
2005-03-07,4.06
2005-03-08,3.85
2005-03-09,3.73
2005-03-10,3.78
2005-03-11,3.82
2005-03-14,3.83
2005-03-15,3.89
2005-03-16,3.91
2005-03-17,4.01
2005-03-18,4.08
2005-03-21,4.15
2005-03-22,4.06
2005-03-23,4.04
2005-03-24,4.03
2005-03-28,4.04
2005-03-29,3.96
2005-03-30,4.06
2005-03-31,3.95
2005-04-01,3.88
2005-04-04,3.9
2005-04-05,3.98
2005-04-06,4.02
2005-04-07,4.13
2005-04-08,4.15
2005-04-11,3.98
2005-04-12,4.05
2005-04-13,3.89
2005-04-14,3.54
2005-04-15,3.35
2005-04-18,3.38
2005-04-19,3.52
2005-04-20,3.37
2005-04-21,3.53
2005-04-22,3.37
2005-04-25,3.51
2005-04-26,3.43
2005-04-27,3.41
2005-04-28,3.37
2005-04-29,3.42
2005-05-02,3.46
2005-05-03,3.44
2005-05-04,3.53
2005-05-05,3.48
2005-05-06,3.53
2005-05-09,3.51
2005-05-10,3.46
2005-05-11,3.38
2005-05-12,3.24
2005-05-13,3.3
2005-05-16,3.37
2005-05-17,3.36
2005-05-18,3.4
2005-05-19,3.56
2005-05-20,3.56
2005-05-23,3.77
2005-05-24,3.77
2005-05-25,3.77
2005-05-26,3.87
2005-05-27,3.85
2005-05-31,3.77
2005-06-01,3.82
2005-06-02,3.8
2005-06-03,3.63
2005-06-06,3.6
2005-06-07,3.47
2005-06-08,3.5
2005-06-09,3.57
2005-06-10,3.4
2005-06-13,3.41
2005-06-14,3.42
2005-06-15,3.52
2005-06-16,3.6
2005-06-17,3.64
2005-06-20,3.57
2005-06-21,3.59
2005-06-22,3.66
2005-06-23,3.69
2005-06-24,3.58
2005-06-27,3.52
2005-06-28,3.54
2005-06-29,3.45
2005-06-30,3.49
2005-07-01,3.46
2005-07-05,3.6
2005-07-06,3.55
2005-07-07,3.57
2005-07-08,3.63
2005-07-11,3.62
2005-07-12,3.63
2005-07-13,3.64
2005-07-14,3.87
2005-07-15,3.94
2005-07-18,3.94
2005-07-19,4.1
2005-07-20,4.14
2005-07-21,4.11
2005-07-22,4.18
2005-07-25,4.16
2005-07-26,4.14
2005-07-27,4.17
2005-07-28,4.16
2005-07-29,4.05
2005-08-01,4.06
2005-08-02,4.1
2005-08-03,4.1
2005-08-04,4.05
2005-08-05,4.08
2005-08-08,4.05
2005-08-09,4.16
2005-08-10,4.12
2005-08-11,4.18
2005-08-12,4.37
2005-08-15,4.52
2005-08-16,4.39
2005-08-17,4.47
2005-08-18,4.39
2005-08-19,4.35
2005-08-22,4.35
2005-08-23,4.34
2005-08-24,4.34
2005-08-25,4.37
2005-08-26,4.34
2005-08-29,4.35
2005-08-30,4.42
2005-08-31,4.45
2005-09-01,4.39
2005-09-02,4.39
2005-09-06,4.63
2005-09-07,4.62
2005-09-08,4.72
2005-09-09,4.87
2005-09-12,4.88
2005-09-13,4.82
2005-09-14,4.71
2005-09-15,4.73
2005-09-16,4.86
2005-09-19,5.0
2005-09-20,5.05
2005-09-21,4.94
2005-09-22,4.92
2005-09-23,5.05
2005-09-26,5.11
2005-09-27,5.07
2005-09-28,4.85
2005-09-29,4.97
2005-09-30,5.09
2005-10-03,5.17
2005-10-04,5.1
2005-10-05,5.01
2005-10-06,4.91
2005-10-07,4.87
2005-10-10,4.78
2005-10-11,4.9
2005-10-12,4.67
2005-10-13,5.1
2005-10-14,5.12
2005-10-17,5.07
2005-10-18,4.95
2005-10-19,5.21
2005-10-20,5.33
2005-10-21,5.28
2005-10-24,5.39
2005-10-25,5.32
2005-10-26,5.41
2005-10-27,5.26
2005-10-28,5.17
2005-10-31,5.46
2005-11-01,5.46
2005-11-02,5.69
2005-11-03,5.87
2005-11-04,5.8
2005-11-07,5.72
2005-11-08,5.68
2005-11-09,5.7
2005-11-10,5.81
2005-11-11,5.84
2005-11-14,5.83
2005-11-15,5.91
2005-11-16,6.16
2005-11-17,6.12
2005-11-18,6.13
2005-11-21,6.16
2005-11-22,6.31
2005-11-23,6.37
2005-11-25,6.58
2005-11-28,6.61
2005-11-29,6.46
2005-11-30,6.44
2005-12-01,6.79
2005-12-02,6.89
2005-12-05,6.82
2005-12-06,7.03
2005-12-07,7.02
2005-12-08,7.03
2005-12-09,7.05
2005-12-12,7.11
2005-12-13,7.12
2005-12-14,6.83
2005-12-15,6.85
2005-12-16,6.75
2005-12-19,6.77
2005-12-20,6.84
2005-12-21,6.97
2005-12-22,7.02
2005-12-23,6.96
2005-12-27,7.04
2005-12-28,6.98
2005-12-29,6.78
2005-12-30,6.82
2006-01-03,7.09
2006-01-04,7.11
2006-01-05,7.06
2006-01-06,7.24
2006-01-09,7.22
2006-01-10,7.67
2006-01-11,7.96
2006-01-12,8.0
2006-01-13,8.12
2006-01-17,8.04
2006-01-18,7.83
2006-01-19,7.5
2006-01-20,7.22
2006-01-23,7.37
2006-01-24,7.22
2006-01-25,7.04
2006-01-26,6.86
2006-01-27,6.84
2006-01-30,7.12
2006-01-31,7.17
2006-02-01,7.16
2006-02-02,6.84
2006-02-03,6.82
2006-02-06,6.39
2006-02-07,6.41
2006-02-08,6.53
2006-02-09,6.16
2006-02-10,6.39
2006-02-13,6.14
2006-02-14,6.42
2006-02-15,6.57
2006-02-16,6.7
2006-02-17,6.67
2006-02-21,6.56
2006-02-22,6.77
2006-02-23,6.81
2006-02-24,6.78
2006-02-27,6.74
2006-02-28,6.5
2006-03-01,6.56
2006-03-02,6.61
2006-03-03,6.43
2006-03-06,6.21
2006-03-07,6.29
2006-03-08,6.23
2006-03-09,6.07
2006-03-10,6.0
2006-03-13,6.23
2006-03-14,6.39
2006-03-15,6.28
2006-03-16,6.1
2006-03-17,6.14
2006-03-20,6.07
2006-03-21,5.87
2006-03-22,5.85
2006-03-23,5.71
2006-03-24,5.69
2006-03-27,5.65
2006-03-28,5.57
2006-03-29,5.91
2006-03-30,5.95
2006-03-31,5.95
2006-04-03,5.94
2006-04-04,5.8
2006-04-05,6.38
2006-04-06,6.76
2006-04-07,6.62
2006-04-10,6.52
2006-04-11,6.45
2006-04-12,6.33
2006-04-13,6.31
2006-04-17,6.15
2006-04-18,6.28
2006-04-19,6.23
2006-04-20,6.42
2006-04-21,6.36
2006-04-24,6.24
2006-04-25,6.28
2006-04-26,6.47
2006-04-27,6.58
2006-04-28,6.68
2006-05-01,6.6
2006-05-02,6.8
2006-05-03,6.75
2006-05-04,6.75
2006-05-05,6.82
2006-05-08,6.82
2006-05-09,6.74
2006-05-10,6.7
2006-05-11,6.47
2006-05-12,6.42
2006-05-15,6.43
2006-05-16,6.17
2006-05-17,6.19
2006-05-18,6.0
2006-05-19,6.12
2006-05-22,6.01
2006-05-23,5.99
2006-05-24,6.01
2006-05-25,6.1
2006-05-26,6.03
2006-05-30,5.81
2006-05-31,5.67
2006-06-01,5.9
2006-06-02,5.85
2006-06-05,5.69
2006-06-06,5.67
2006-06-07,5.56
2006-06-08,5.77
2006-06-09,5.62
2006-06-12,5.41
2006-06-13,5.54
2006-06-14,5.47
2006-06-15,5.63
2006-06-16,5.46
2006-06-19,5.43
2006-06-20,5.45
2006-06-21,5.49
2006-06-22,5.65
2006-06-23,5.58
2006-06-26,5.6
2006-06-27,5.45
2006-06-28,5.32
2006-06-29,5.6
2006-06-30,5.43
2006-07-03,5.5
2006-07-05,5.41
2006-07-06,5.29
2006-07-07,5.26
2006-07-10,5.22
2006-07-11,5.28
2006-07-12,5.03
2006-07-13,4.96
2006-07-14,4.81
2006-07-17,4.97
2006-07-18,5.02
2006-07-19,5.13
2006-07-20,5.74
2006-07-21,5.76
2006-07-24,5.83
2006-07-25,5.88
2006-07-26,6.06
2006-07-27,6.02
2006-07-28,6.22
2006-07-31,6.45
2006-08-01,6.37
2006-08-02,6.47
2006-08-03,6.6
2006-08-04,6.48
2006-08-07,6.38
2006-08-08,6.15
2006-08-09,6.03
2006-08-10,6.08
2006-08-11,6.04
2006-08-14,6.07
2006-08-15,6.31
2006-08-16,6.45
2006-08-17,6.41
2006-08-18,6.44
2006-08-21,6.32
2006-08-22,6.42
2006-08-23,6.39
2006-08-24,6.43
2006-08-25,6.52
2006-08-28,6.36
2006-08-29,6.31
2006-08-30,6.35
2006-08-31,6.44
2006-09-01,6.49
2006-09-05,6.78
2006-09-06,6.65
2006-09-07,6.91
2006-09-08,6.88
2006-09-11,6.88
2006-09-12,6.89
2006-09-13,7.04
2006-09-14,7.04
2006-09-15,7.03
2006-09-18,7.01
2006-09-19,7.0
2006-09-20,7.14
2006-09-21,7.08
2006-09-22,6.93
2006-09-25,7.19
2006-09-26,7.36
2006-09-27,7.25
2006-09-28,7.31
2006-09-29,7.3
2006-10-02,7.1
2006-10-03,7.03
2006-10-04,7.15
2006-10-05,7.1
2006-10-06,7.04
2006-10-09,7.08
2006-10-10,7.0
2006-10-11,6.95
2006-10-12,7.14
2006-10-13,7.12
2006-10-16,7.15
2006-10-17,7.05
2006-10-18,7.07
2006-10-19,7.5
2006-10-20,7.59
2006-10-23,7.73
2006-10-24,7.69
2006-10-25,7.75
2006-10-26,7.8
2006-10-27,7.63
2006-10-30,7.63
2006-10-31,7.69
2006-11-01,7.51
2006-11-02,7.49
2006-11-03,7.43
2006-11-06,7.56
2006-11-07,7.64
2006-11-08,7.82
2006-11-09,7.91
2006-11-10,7.89
2006-11-13,8.0
2006-11-14,8.07
2006-11-15,7.98
2006-11-16,8.12
2006-11-17,8.15
2006-11-20,8.21
2006-11-21,8.41
2006-11-22,8.57
2006-11-24,8.69
2006-11-27,8.5
2006-11-28,8.71
2006-11-29,8.71
2006-11-30,8.7
2006-12-01,8.67
2006-12-04,8.65
2006-12-05,8.66
2006-12-06,8.52
2006-12-07,8.26
2006-12-08,8.38
2006-12-11,8.42
2006-12-12,8.17
2006-12-13,8.45
2006-12-14,8.4
2006-12-15,8.32
2006-12-18,8.11
2006-12-19,8.19
2006-12-20,8.04
2006-12-21,7.87
2006-12-22,7.8
2006-12-26,7.73
2006-12-27,7.74
2006-12-28,7.67
2006-12-29,8.05
2007-01-03,7.95
2007-01-04,8.13
2007-01-05,8.07
2007-01-08,8.11
2007-01-09,8.78
2007-01-10,9.2
2007-01-11,9.09
2007-01-12,8.98
2007-01-16,9.21
2007-01-17,9.01
2007-01-18,8.45
2007-01-19,8.4
2007-01-22,8.24
2007-01-23,8.13
2007-01-24,8.23
2007-01-25,8.18
2007-01-26,8.1
2007-01-29,8.16
2007-01-30,8.12
2007-01-31,8.14
2007-02-01,8.04
2007-02-02,8.04
2007-02-05,7.97
2007-02-06,7.99
2007-02-07,8.17
2007-02-08,8.18
2007-02-09,7.9
2007-02-12,8.05
2007-02-13,8.04
2007-02-14,8.09
2007-02-15,8.09
2007-02-16,8.05
2007-02-20,8.15
2007-02-21,8.46
2007-02-22,8.49
2007-02-23,8.45
2007-02-26,8.4
2007-02-27,7.96
2007-02-28,8.03
2007-03-01,8.26
2007-03-02,8.1
2007-03-05,8.19
2007-03-06,8.37
2007-03-07,8.32
2007-03-08,8.35
2007-03-09,8.35
2007-03-12,8.53
2007-03-13,8.39
2007-03-14,8.54
2007-03-15,8.5
2007-03-16,8.5
2007-03-19,8.65
2007-03-20,8.68
2007-03-21,8.91
2007-03-22,8.92
2007-03-23,8.87
2007-03-26,9.1
2007-03-27,9.06
2007-03-28,8.85
2007-03-29,8.9
2007-03-30,8.82
2007-04-02,8.89
2007-04-03,8.97
2007-04-04,8.95
2007-04-05,8.98
2007-04-09,8.89
2007-04-10,8.94
2007-04-11,8.79
2007-04-12,8.75
2007-04-13,8.56
2007-04-16,8.68
2007-04-17,8.57
2007-04-18,8.58
2007-04-19,8.57
2007-04-20,8.63
2007-04-23,8.87
2007-04-24,8.85
2007-04-25,9.05
2007-04-26,9.38
2007-04-27,9.48
2007-04-30,9.47
2007-05-01,9.44
2007-05-02,9.53
2007-05-03,9.53
2007-05-04,9.57
2007-05-07,9.86
2007-05-08,9.97
2007-05-09,10.14
2007-05-10,10.19
2007-05-11,10.32
2007-05-14,10.38
2007-05-15,10.2
2007-05-16,10.19
2007-05-17,10.38
2007-05-18,10.44
2007-05-21,10.63
2007-05-22,10.77
2007-05-23,10.71
2007-05-24,10.5
2007-05-25,10.78
2007-05-29,10.85
2007-05-30,11.27
2007-05-31,11.5
2007-06-01,11.24
2007-06-04,11.51
2007-06-05,11.64
2007-06-06,11.73
2007-06-07,11.77
2007-06-08,11.81
2007-06-11,11.41
2007-06-12,11.42
2007-06-13,11.15
2007-06-14,11.27
2007-06-15,11.43
2007-06-18,11.87
2007-06-19,11.73
2007-06-20,11.53
2007-06-21,11.76
2007-06-22,11.67
2007-06-25,11.61
2007-06-26,11.35
2007-06-27,11.57
2007-06-28,11.44
2007-06-29,11.58
2007-07-02,11.51
2007-07-03,12.07
2007-07-05,12.6
2007-07-06,12.55
2007-07-09,12.37
2007-07-10,12.56
2007-07-11,12.56
2007-07-12,12.72
2007-07-13,13.07
2007-07-16,13.1
2007-07-17,13.18
2007-07-18,13.11
2007-07-19,13.28
2007-07-20,13.64
2007-07-23,13.64
2007-07-24,12.8
2007-07-25,13.02
2007-07-26,13.85
2007-07-27,13.65
2007-07-30,13.42
2007-07-31,12.5
2007-08-01,12.81
2007-08-02,12.95
2007-08-03,12.51
2007-08-06,12.83
2007-08-07,12.81
2007-08-08,12.72
2007-08-09,11.99
2007-08-10,11.86
2007-08-13,12.13
2007-08-14,11.77
2007-08-15,11.38
2007-08-16,11.11
2007-08-17,11.58
2007-08-20,11.6
2007-08-21,12.11
2007-08-22,12.57
2007-08-23,12.44
2007-08-24,12.84
2007-08-27,12.55
2007-08-28,12.03
2007-08-29,12.72
2007-08-30,12.93
2007-08-31,13.14
2007-09-04,13.68
2007-09-05,12.98
2007-09-06,12.81
2007-09-07,12.5
2007-09-10,12.97
2007-09-11,12.86
2007-09-12,12.99
2007-09-13,13.02
2007-09-14,13.17
2007-09-17,13.13
2007-09-18,13.37
2007-09-19,13.36
2007-09-20,13.31
2007-09-21,13.68
2007-09-24,14.07
2007-09-25,14.54
2007-09-26,14.5
2007-09-27,14.66
2007-09-28,14.56
2007-10-01,14.84
2007-10-02,15.04
2007-10-03,14.99
2007-10-04,14.83
2007-10-05,15.32
2007-10-08,15.93
2007-10-09,15.93
2007-10-10,15.83
2007-10-11,15.39
2007-10-12,15.87
2007-10-15,15.85
2007-10-16,16.09
2007-10-17,16.39
2007-10-18,16.46
2007-10-19,16.17
2007-10-22,16.55
2007-10-23,17.67
2007-10-24,17.64
2007-10-25,17.34
2007-10-26,17.53
2007-10-29,17.56
2007-10-30,17.74
2007-10-31,18.02
2007-11-01,17.79
2007-11-02,17.83
2007-11-05,17.67
2007-11-06,18.2
2007-11-07,17.68
2007-11-08,16.65
2007-11-09,15.69
2007-11-12,14.59
2007-11-13,16.13
2007-11-14,15.76
2007-11-15,15.59
2007-11-16,15.79
2007-11-19,15.56
2007-11-20,16.02
2007-11-21,15.99
2007-11-23,16.28
2007-11-26,16.37
2007-11-27,16.59
2007-11-28,17.1
2007-11-29,17.49
2007-11-30,17.29
2007-12-03,16.97
2007-12-04,17.06
2007-12-05,17.6
2007-12-06,18.02
2007-12-07,18.44
2007-12-10,18.43
2007-12-11,17.89
2007-12-12,18.11
2007-12-13,18.2
2007-12-14,18.07
2007-12-17,17.5
2007-12-18,17.36
2007-12-19,17.38
2007-12-20,17.76
2007-12-21,18.4
2007-12-24,18.86
2007-12-26,18.88
2007-12-27,18.84
2007-12-28,18.96
2007-12-31,18.8
2008-01-02,18.49
2008-01-03,18.5
2008-01-04,17.09
2008-01-07,16.86
2008-01-08,16.25
2008-01-09,17.02
2008-01-10,16.89
2008-01-11,16.39
2008-01-14,16.96
2008-01-15,16.04
2008-01-16,15.15
2008-01-17,15.27
2008-01-18,15.31
2008-01-22,14.77
2008-01-23,13.2
2008-01-24,12.87
2008-01-25,12.34
2008-01-28,12.34
2008-01-29,12.48
2008-01-30,12.54
2008-01-31,12.84
2008-02-01,12.69
2008-02-04,12.49
2008-02-05,12.28
2008-02-06,11.58
2008-02-07,11.5
2008-02-08,11.91
2008-02-11,12.28
2008-02-12,11.85
2008-02-13,12.28
2008-02-14,12.09
2008-02-15,11.83
2008-02-19,11.59
2008-02-20,11.75
2008-02-21,11.53
2008-02-22,11.34
2008-02-25,11.36
2008-02-26,11.31
2008-02-27,11.67
2008-02-28,12.33
2008-02-29,11.86
2008-03-03,11.55
2008-03-04,11.83
2008-03-05,11.81
2008-03-06,11.48
2008-03-07,11.6
2008-03-10,11.36
2008-03-11,12.08
2008-03-12,11.96
2008-03-13,12.14
2008-03-14,12.01
2008-03-17,12.03
2008-03-18,12.6
2008-03-19,12.3
2008-03-20,12.65
2008-03-24,13.24
2008-03-25,13.38
2008-03-26,13.77
2008-03-27,13.31
2008-03-28,13.57
2008-03-31,13.62
2008-04-01,14.19
2008-04-02,14.0
2008-04-03,14.39
2008-04-04,14.53
2008-04-07,14.79
2008-04-08,14.5
2008-04-09,14.37
2008-04-10,14.67
2008-04-11,13.96
2008-04-14,14.02
2008-04-15,14.08
2008-04-16,14.58
2008-04-17,14.66
2008-04-18,15.28
2008-04-21,15.96
2008-04-22,15.2
2008-04-23,15.46
2008-04-24,16.03
2008-04-25,16.11
2008-04-28,16.34
2008-04-29,16.61
2008-04-30,16.51
2008-05-01,17.08
2008-05-02,17.17
2008-05-05,17.53
2008-05-06,17.71
2008-05-07,17.33
2008-05-08,17.56
2008-05-09,17.41
2008-05-12,17.85
2008-05-13,18.03
2008-05-14,17.67
2008-05-15,18.0
2008-05-16,17.8
2008-05-19,17.42
2008-05-20,17.64
2008-05-21,16.91
2008-05-22,16.8
2008-05-23,17.19
2008-05-27,17.69
2008-05-28,17.75
2008-05-29,17.72
2008-05-30,17.91
2008-06-02,17.66
2008-06-03,17.59
2008-06-04,17.57
2008-06-05,17.98
2008-06-06,17.62
2008-06-09,17.23
2008-06-10,17.62
2008-06-11,17.16
2008-06-12,16.44
2008-06-13,16.36
2008-06-16,16.78
2008-06-17,17.22
2008-06-18,16.96
2008-06-19,17.17
2008-06-20,16.63
2008-06-23,16.43
2008-06-24,16.44
2008-06-25,16.83
2008-06-26,15.97
2008-06-27,16.14
2008-06-30,15.89
2008-07-01,16.58
2008-07-02,15.96
2008-07-03,16.14
2008-07-07,16.62
2008-07-08,17.04
2008-07-09,16.53
2008-07-10,16.76
2008-07-11,16.38
2008-07-14,16.5
2008-07-15,16.1
2008-07-16,16.4
2008-07-17,16.3
2008-07-18,15.67
2008-07-21,15.78
2008-07-22,15.37
2008-07-23,15.78
2008-07-24,15.09
2008-07-25,15.38
2008-07-28,14.65
2008-07-29,14.91
2008-07-30,15.17
2008-07-31,15.08
2008-08-01,14.87
2008-08-04,14.54
2008-08-05,15.24
2008-08-06,15.58
2008-08-07,15.52
2008-08-08,16.09
2008-08-11,16.47
2008-08-12,16.77
2008-08-13,17.01
2008-08-14,17.02
2008-08-15,16.68
2008-08-18,16.64
2008-08-19,16.47
2008-08-20,16.69
2008-08-21,16.54
2008-08-22,16.78
2008-08-25,16.37
2008-08-26,16.48
2008-08-27,16.57
2008-08-28,16.49
2008-08-29,16.09
2008-09-02,15.77
2008-09-03,15.84
2008-09-04,15.3
2008-09-05,15.2
2008-09-08,14.99
2008-09-09,14.39
2008-09-10,14.39
2008-09-11,14.49
2008-09-12,14.13
2008-09-15,13.32
2008-09-16,13.27
2008-09-17,12.13
2008-09-18,12.72
2008-09-19,13.37
2008-09-22,12.44
2008-09-23,12.04
2008-09-24,12.21
2008-09-25,12.52
2008-09-26,12.17
2008-09-29,9.99
2008-09-30,10.79
2008-10-01,10.35
2008-10-02,9.5
2008-10-03,9.21
2008-10-06,9.31
2008-10-07,8.46
2008-10-08,8.52
2008-10-09,8.42
2008-10-10,9.19
2008-10-13,10.46
2008-10-14,9.88
2008-10-15,9.29
2008-10-16,9.67
2008-10-17,9.24
2008-10-20,9.34
2008-10-21,8.68
2008-10-22,9.19
2008-10-23,9.32
2008-10-24,9.15
2008-10-27,8.74
2008-10-28,9.48
2008-10-29,9.92
2008-10-30,10.54
2008-10-31,10.21
2008-11-03,10.15
2008-11-04,10.53
2008-11-05,9.8
2008-11-06,9.4
2008-11-07,9.32
2008-11-10,9.1
2008-11-11,8.99
2008-11-12,8.55
2008-11-13,9.15
2008-11-14,8.56
2008-11-17,8.36
2008-11-18,8.53
2008-11-19,8.19
2008-11-20,7.64
2008-11-21,7.84
2008-11-24,8.82
2008-11-25,8.62
2008-11-26,9.01
2008-11-28,8.79
2008-12-01,8.44
2008-12-02,8.77
2008-12-03,9.1
2008-12-04,8.67
2008-12-05,8.92
2008-12-08,9.46
2008-12-09,9.49
2008-12-10,9.32
2008-12-11,9.01
2008-12-12,9.33
2008-12-15,8.99
2008-12-16,9.06
2008-12-17,8.46
2008-12-18,8.49
2008-12-19,8.54
2008-12-22,8.14
2008-12-23,8.2
2008-12-24,8.07
2008-12-26,8.14
2008-12-29,8.22
2008-12-30,8.19
2008-12-31,8.1
2009-01-02,8.61
2009-01-05,8.97
2009-01-06,8.83
2009-01-07,8.64
2009-01-08,8.8
2009-01-09,8.6
2009-01-12,8.41
2009-01-13,8.32
2009-01-14,8.1
2009-01-15,7.91
2009-01-16,7.81
2009-01-20,7.42
2009-01-21,7.86
2009-01-22,8.38
2009-01-23,8.38
2009-01-26,8.51
2009-01-27,8.61
2009-01-28,8.94
2009-01-29,8.82
2009-01-30,8.55
2009-02-02,8.68
2009-02-03,8.82
2009-02-04,8.88
2009-02-05,9.15
2009-02-06,9.46
2009-02-09,9.73
2009-02-10,9.28
2009-02-11,9.19
2009-02-12,9.42
2009-02-13,9.41
2009-02-17,8.97
2009-02-18,8.95
2009-02-19,8.6
2009-02-20,8.65
2009-02-23,8.25
2009-02-24,8.56
2009-02-25,8.65
2009-02-26,8.46
2009-02-27,8.47
2009-03-02,8.34
2009-03-03,8.39
2009-03-04,8.65
2009-03-05,8.43
2009-03-06,8.09
2009-03-09,7.89
2009-03-10,8.41
2009-03-11,8.79
2009-03-12,9.14
2009-03-13,9.1
2009-03-16,9.05
2009-03-17,9.46
2009-03-18,9.63
2009-03-19,9.64
2009-03-20,9.64
2009-03-23,10.22
2009-03-24,10.11
2009-03-25,10.11
2009-03-26,10.43
2009-03-27,10.14
2009-03-30,9.92
2009-03-31,9.98
2009-04-01,10.31
2009-04-02,10.7
2009-04-03,11.01
2009-04-06,11.24
2009-04-07,10.91
2009-04-08,11.04
2009-04-09,11.35
2009-04-13,11.41
2009-04-14,11.23
2009-04-15,11.16
2009-04-16,11.52
2009-04-17,11.71
2009-04-20,11.43
2009-04-21,11.55
2009-04-22,11.53
2009-04-23,11.9
2009-04-24,11.76
2009-04-27,11.84
2009-04-28,11.76
2009-04-29,11.87
2009-04-30,11.94
2009-05-01,12.07
2009-05-04,12.53
2009-05-05,12.59
2009-05-06,12.57
2009-05-07,12.25
2009-05-08,12.26
2009-05-11,12.3
2009-05-12,11.81
2009-05-13,11.34
2009-05-14,11.67
2009-05-15,11.62
2009-05-18,12.02
2009-05-19,12.09
2009-05-20,11.94
2009-05-21,11.78
2009-05-22,11.62
2009-05-26,12.41
2009-05-27,12.63
2009-05-28,12.82
2009-05-29,12.89
2009-06-01,13.22
2009-06-02,13.24
2009-06-03,13.38
2009-06-04,13.64
2009-06-05,13.73
2009-06-08,13.65
2009-06-09,13.54
2009-06-10,13.31
2009-06-11,13.28
2009-06-12,13.0
2009-06-15,12.91
2009-06-16,12.94
2009-06-17,12.87
2009-06-18,12.89
2009-06-19,13.24
2009-06-22,13.04
2009-06-23,12.72
2009-06-24,12.93
2009-06-25,13.27
2009-06-26,13.52
2009-06-29,13.47
2009-06-30,13.52
2009-07-01,13.55
2009-07-02,13.29
2009-07-06,13.15
2009-07-07,12.85
2009-07-08,13.02
2009-07-09,12.94
2009-07-10,13.14
2009-07-13,13.51
2009-07-14,13.5
2009-07-15,13.94
2009-07-16,14.0
2009-07-17,14.4
2009-07-20,14.51
2009-07-21,14.38
2009-07-22,14.87
2009-07-23,14.98
2009-07-24,15.18
2009-07-27,15.19
2009-07-28,15.18
2009-07-29,15.19
2009-07-30,15.45
2009-07-31,15.5
2009-08-03,15.79
2009-08-04,15.71
2009-08-05,15.67
2009-08-06,15.55
2009-08-07,15.71
2009-08-10,15.63
2009-08-11,15.45
2009-08-12,15.69
2009-08-13,15.98
2009-08-14,15.83
2009-08-17,15.14
2009-08-18,15.56
2009-08-19,15.62
2009-08-20,15.78
2009-08-21,16.06
2009-08-24,16.04
2009-08-25,16.07
2009-08-26,15.89
2009-08-27,16.08
2009-08-28,16.14
2009-08-31,15.96
2009-09-01,15.69
2009-09-02,15.67
2009-09-03,15.8
2009-09-04,16.16
2009-09-08,16.41
2009-09-09,16.24
2009-09-10,16.37
2009-09-11,16.34
2009-09-14,16.48
2009-09-15,16.62
2009-09-16,17.26
2009-09-17,17.51
2009-09-18,17.56
2009-09-21,17.46
2009-09-22,17.51
2009-09-23,17.6
2009-09-24,17.44
2009-09-25,17.31
2009-09-28,17.66
2009-09-29,17.59
2009-09-30,17.59
2009-10-01,17.16
2009-10-02,17.55
2009-10-05,17.65
2009-10-06,18.03
2009-10-07,18.05
2009-10-08,17.96
2009-10-09,18.07
2009-10-12,18.11
2009-10-13,18.03
2009-10-14,18.15
2009-10-15,18.08
2009-10-16,17.84
2009-10-19,18.02
2009-10-20,18.86
2009-10-21,19.45
2009-10-22,19.47
2009-10-23,19.35
2009-10-26,19.21
2009-10-27,18.73
2009-10-28,18.26
2009-10-29,18.63
2009-10-30,17.89
2009-11-02,17.96
2009-11-03,17.91
2009-11-04,18.11
2009-11-05,18.41
2009-11-06,18.44
2009-11-09,19.12
2009-11-10,19.26
2009-11-11,19.29
2009-11-12,19.17
2009-11-13,19.4
2009-11-16,19.61
2009-11-17,19.64
2009-11-18,19.54
2009-11-19,19.03
2009-11-20,18.97
2009-11-23,19.54
2009-11-24,19.4
2009-11-25,19.38
2009-11-27,19.03
2009-11-30,18.97
2009-12-01,18.69
2009-12-02,18.62
2009-12-03,18.64
2009-12-04,18.34
2009-12-07,17.93
2009-12-08,18.02
2009-12-09,18.77
2009-12-10,18.64
2009-12-11,18.47
2009-12-14,18.69
2009-12-15,18.43
2009-12-16,18.51
2009-12-17,18.21
2009-12-18,18.54
2009-12-21,18.81
2009-12-22,19.01
2009-12-23,19.18
2009-12-24,19.84
2009-12-28,20.08
2009-12-29,19.84
2009-12-30,20.08
2009-12-31,20.0
2010-01-04,20.31
2010-01-05,20.34
2010-01-06,20.02
2010-01-07,19.98
2010-01-08,20.12
2010-01-11,19.94
2010-01-12,19.71
2010-01-13,19.99
2010-01-14,19.87
2010-01-15,19.54
2010-01-19,20.41
2010-01-20,20.09
2010-01-21,19.74
2010-01-22,18.76
2010-01-25,19.27
2010-01-26,19.54
2010-01-27,19.73
2010-01-28,18.91
2010-01-29,18.22
2010-02-01,18.48
2010-02-02,18.59
2010-02-03,18.91
2010-02-04,18.22
2010-02-05,18.55
2010-02-08,18.42
2010-02-09,18.62
2010-02-10,18.52
2010-02-11,18.85
2010-02-12,19.01
2010-02-16,19.3
2010-02-17,19.22
2010-02-18,19.26
2010-02-19,19.14
2010-02-22,19.02
2010-02-23,18.7
2010-02-24,19.04
2010-02-25,19.17
2010-02-26,19.42
2010-03-01,19.83
2010-03-02,19.82
2010-03-03,19.86
2010-03-04,19.99
2010-03-05,20.78
2010-03-08,20.79
2010-03-09,21.16
2010-03-10,21.34
2010-03-11,21.4
2010-03-12,21.5
2010-03-15,21.24
2010-03-16,21.3
2010-03-17,21.27
2010-03-18,21.32
2010-03-19,21.09
2010-03-22,21.33
2010-03-23,21.67
2010-03-24,21.77
2010-03-25,21.51
2010-03-26,21.91
2010-03-29,22.05
2010-03-30,22.38
2010-03-31,22.3
2010-04-01,22.39
2010-04-05,22.63
2010-04-06,22.73
2010-04-07,22.83
2010-04-08,22.77
2010-04-09,22.94
2010-04-12,22.99
2010-04-13,23.0
2010-04-14,23.31
2010-04-15,23.62
2010-04-16,23.48
2010-04-19,23.44
2010-04-20,23.21
2010-04-21,24.6
2010-04-22,25.29
2010-04-23,25.7
2010-04-26,25.57
2010-04-27,24.87
2010-04-28,24.82
2010-04-29,25.49
2010-04-30,24.78
2010-05-03,25.27
2010-05-04,24.55
2010-05-05,24.29
2010-05-06,23.37
2010-05-07,22.38
2010-05-10,24.1
2010-05-11,24.34
2010-05-12,24.87
2010-05-13,24.52
2010-05-14,24.09
2010-05-17,24.12
2010-05-18,23.95
2010-05-19,23.57
2010-05-20,22.56
2010-05-21,22.99
2010-05-24,23.42
2010-05-25,23.27
2010-05-26,23.16
2010-05-27,24.04
2010-05-28,24.38
2010-06-01,24.75
2010-06-02,25.05
2010-06-03,24.97
2010-06-04,24.29
2010-06-07,23.81
2010-06-08,23.66
2010-06-09,23.08
2010-06-10,23.77
2010-06-11,24.06
2010-06-14,24.13
2010-06-15,24.64
2010-06-16,25.36
2010-06-17,25.8
2010-06-18,26.01
2010-06-21,25.64
2010-06-22,25.99
2010-06-23,25.71
2010-06-24,25.53
2010-06-25,25.31
2010-06-28,25.46
2010-06-29,24.31
2010-06-30,23.87
2010-07-01,23.58
2010-07-02,23.43
2010-07-06,23.59
2010-07-07,24.55
2010-07-08,24.49
2010-07-09,24.64
2010-07-12,24.41
2010-07-13,23.89
2010-07-14,23.98
2010-07-15,23.86
2010-07-16,23.71
2010-07-19,23.3
2010-07-20,23.9
2010-07-21,24.13
2010-07-22,24.58
2010-07-23,24.67
2010-07-26,24.6
2010-07-27,25.06
2010-07-28,24.76
2010-07-29,24.49
2010-07-30,24.41
2010-08-02,24.85
2010-08-03,24.86
2010-08-04,24.95
2010-08-05,24.83
2010-08-06,24.68
2010-08-09,24.84
2010-08-10,24.62
2010-08-11,23.74
2010-08-12,23.89
2010-08-13,23.64
2010-08-16,23.5
2010-08-17,23.91
2010-08-18,24.01
2010-08-19,23.71
2010-08-20,23.69
2010-08-23,23.32
2010-08-24,22.77
2010-08-25,23.05
2010-08-26,22.8
2010-08-27,22.93
2010-08-30,23.01
2010-08-31,23.07
2010-09-01,23.75
2010-09-02,23.93
2010-09-03,24.56
2010-09-07,24.46
2010-09-08,24.95
2010-09-09,24.96
2010-09-10,25.0
2010-09-13,25.34
2010-09-14,25.44
2010-09-15,25.64
2010-09-16,26.24
2010-09-17,26.13
2010-09-20,26.88
2010-09-21,26.93
2010-09-22,27.31
2010-09-23,27.42
2010-09-24,27.74
2010-09-27,27.63
2010-09-28,27.22
2010-09-29,27.27
2010-09-30,26.93
2010-10-01,26.81
2010-10-04,26.44
2010-10-05,27.42
2010-10-06,27.44
2010-10-07,27.44
2010-10-08,27.9
2010-10-11,28.03
2010-10-12,28.33
2010-10-13,28.48
2010-10-14,28.69
2010-10-15,29.87
2010-10-18,30.18
2010-10-19,29.37
2010-10-20,29.47
2010-10-21,29.37
2010-10-22,29.18
2010-10-25,29.31
2010-10-26,29.23
2010-10-27,29.21
2010-10-28,28.96
2010-10-29,28.56
2010-11-01,28.86
2010-11-02,29.36
2010-11-03,29.68
2010-11-04,30.2
2010-11-05,30.09
2010-11-08,30.23
2010-11-09,29.99
2010-11-10,30.18
2010-11-11,30.05
2010-11-12,29.23
2010-11-15,29.14
2010-11-16,28.62
2010-11-17,28.52
2010-11-18,29.27
2010-11-19,29.11
2010-11-22,29.74
2010-11-23,29.3
2010-11-24,29.87
2010-11-26,29.89
2010-11-29,30.07
2010-11-30,29.53
2010-12-01,30.02
2010-12-02,30.19
2010-12-03,30.12
2010-12-06,30.38
2010-12-07,30.2
2010-12-08,30.46
2010-12-09,30.34
2010-12-10,30.42
2010-12-13,30.52
2010-12-14,30.39
2010-12-15,30.4
2010-12-16,30.48
2010-12-17,30.42
2010-12-20,30.58
2010-12-21,30.76
2010-12-22,30.86
2010-12-23,30.71
2010-12-27,30.81
2010-12-28,30.88
2010-12-29,30.87
2010-12-30,30.71
2010-12-31,30.61
2011-01-03,31.27
2011-01-04,31.44
2011-01-05,31.69
2011-01-06,31.67
2011-01-07,31.9
2011-01-10,32.5
2011-01-11,32.42
2011-01-12,32.68
2011-01-13,32.8
2011-01-14,33.07
2011-01-18,32.33
2011-01-19,32.15
2011-01-20,31.57
2011-01-21,31.0
2011-01-24,32.02
2011-01-25,32.4
2011-01-26,32.63
2011-01-27,32.57
2011-01-28,31.89
2011-01-31,32.2
2011-02-01,32.74
2011-02-02,32.67
2011-02-03,32.59
2011-02-04,32.88
2011-02-07,33.39
2011-02-08,33.71
2011-02-09,33.99
2011-02-10,33.64
2011-02-11,33.86
2011-02-14,34.08
2011-02-15,34.15
2011-02-16,34.46
2011-02-17,34.0
2011-02-18,33.27
2011-02-22,32.13
2011-02-23,32.51
2011-02-24,32.54
2011-02-25,33.04
2011-02-28,33.52
2011-03-01,33.15
2011-03-02,33.41
2011-03-03,34.12
2011-03-04,34.16
2011-03-07,33.72
2011-03-08,33.76
2011-03-09,33.45
2011-03-10,32.9
2011-03-11,33.4
2011-03-14,33.55
2011-03-15,32.78
2011-03-16,31.32
2011-03-17,31.75
2011-03-18,31.38
2011-03-21,32.2
2011-03-22,32.38
2011-03-23,32.19
2011-03-24,32.73
2011-03-25,33.36
2011-03-28,33.25
2011-03-29,33.3
2011-03-30,33.08
2011-03-31,33.07
2011-04-01,32.7
2011-04-04,32.38
2011-04-05,32.16
2011-04-06,32.08
2011-04-07,32.08
2011-04-08,31.79
2011-04-11,31.39
2011-04-12,31.54
2011-04-13,31.9
2011-04-14,31.54
2011-04-15,31.07
2011-04-18,31.49
2011-04-19,32.06
2011-04-20,32.49
2011-04-21,33.28
2011-04-25,33.5
2011-04-26,33.25
2011-04-27,33.23
2011-04-28,32.9
2011-04-29,33.22
2011-05-02,32.86
2011-05-03,33.04
2011-05-04,33.17
2011-05-05,32.9
2011-05-06,32.9
2011-05-09,32.98
2011-05-10,33.16
2011-05-11,32.95
2011-05-12,32.89
2011-05-13,32.31
2011-05-16,31.63
2011-05-17,31.9
2011-05-18,32.25
2011-05-19,32.31
2011-05-20,31.81
2011-05-23,31.73
2011-05-24,31.52
2011-05-25,31.96
2011-05-26,31.79
2011-05-27,32.02
2011-05-31,33.01
2011-06-01,32.79
2011-06-02,32.84
2011-06-03,32.59
2011-06-06,32.08
2011-06-07,31.51
2011-06-08,31.53
2011-06-09,31.46
2011-06-10,30.93
2011-06-13,30.99
2011-06-14,31.55
2011-06-15,31.01
2011-06-16,30.86
2011-06-17,30.39
2011-06-20,29.92
2011-06-21,30.87
2011-06-22,30.61
2011-06-23,31.43
2011-06-24,30.97
2011-06-27,31.51
2011-06-28,31.81
2011-06-29,31.7
2011-06-30,31.85
2011-07-01,32.57
2011-07-05,33.16
2011-07-06,33.38
2011-07-07,33.9
2011-07-08,34.13
2011-07-11,33.59
2011-07-12,33.57
2011-07-13,33.97
2011-07-14,33.95
2011-07-15,34.63
2011-07-18,35.47
2011-07-19,35.76
2011-07-20,36.71
2011-07-21,36.75
2011-07-22,37.32
2011-07-25,37.81
2011-07-26,38.28
2011-07-27,37.25
2011-07-28,37.18
2011-07-29,37.05
2011-08-01,37.65
2011-08-02,36.9
2011-08-03,37.25
2011-08-04,35.81
2011-08-05,35.45
2011-08-08,33.52
2011-08-09,35.49
2011-08-10,34.51
2011-08-11,35.46
2011-08-12,35.77
2011-08-15,36.38
2011-08-16,36.1
2011-08-17,36.1
2011-08-18,34.74
2011-08-19,33.78
2011-08-22,33.82
2011-08-23,35.45
2011-08-24,35.7
2011-08-25,35.46
2011-08-26,36.4
2011-08-29,37.01
2011-08-30,37.01
2011-08-31,36.52
2011-09-01,36.16
2011-09-02,35.49
2011-09-06,36.03
2011-09-07,36.43
2011-09-08,36.45
2011-09-09,35.82
2011-09-12,36.05
2011-09-13,36.5
2011-09-14,36.94
2011-09-15,37.29
2011-09-16,38.0
2011-09-19,39.06
2011-09-20,39.23
2011-09-21,39.11
2011-09-22,38.13
2011-09-23,38.36
2011-09-26,38.26
2011-09-27,37.89
2011-09-28,37.67
2011-09-29,37.06
2011-09-30,36.18
2011-10-03,35.55
2011-10-04,35.35
2011-10-05,35.89
2011-10-06,35.81
2011-10-07,35.09
2011-10-10,36.9
2011-10-11,37.98
2011-10-12,38.16
2011-10-13,38.76
2011-10-14,40.04
2011-10-17,39.85
2011-10-18,40.07
2011-10-19,37.83
2011-10-20,37.51
2011-10-21,37.28
2011-10-24,38.5
2011-10-25,37.75
2011-10-26,38.01
2011-10-27,38.4
2011-10-28,38.43
2011-10-31,38.41
2011-11-01,37.63
2011-11-02,37.71
2011-11-03,38.25
2011-11-04,37.98
2011-11-07,37.93
2011-11-08,38.55
2011-11-09,37.51
2011-11-10,36.55
2011-11-11,36.5
2011-11-14,35.99
2011-11-15,36.9
2011-11-16,36.51
2011-11-17,35.81
2011-11-18,35.58
2011-11-21,35.02
2011-11-22,35.73
2011-11-23,34.82
2011-11-25,34.5
2011-11-28,35.69
2011-11-29,35.41
2011-11-30,36.27
2011-12-01,36.81
2011-12-02,36.98
2011-12-05,37.29
2011-12-06,37.1
2011-12-07,36.92
2011-12-08,37.07
2011-12-09,37.35
2011-12-12,37.18
2011-12-13,36.9
2011-12-14,36.08
2011-12-15,35.96
2011-12-16,36.16
2011-12-19,36.27
2011-12-20,37.57
2011-12-21,37.62
2011-12-22,37.82
2011-12-23,38.27
2011-12-27,38.58
2011-12-28,38.21
2011-12-29,38.44
2011-12-30,38.43
2012-01-03,39.02
2012-01-04,39.23
2012-01-05,39.67
2012-01-06,40.08
2012-01-09,40.02
2012-01-10,40.16
2012-01-11,40.1
2012-01-12,39.99
2012-01-13,39.84
2012-01-17,40.3
2012-01-18,40.72
2012-01-19,40.59
2012-01-20,39.88
2012-01-23,40.56
2012-01-24,39.89
2012-01-25,42.38
2012-01-26,42.19
2012-01-27,42.44
2012-01-30,42.99
2012-01-31,43.32
2012-02-01,43.29
2012-02-02,43.19
2012-02-03,43.62
2012-02-06,44.03
2012-02-07,44.49
2012-02-08,45.23
2012-02-09,46.8
2012-02-10,46.82
2012-02-13,47.69
2012-02-14,48.34
2012-02-15,47.22
2012-02-16,47.66
2012-02-17,47.65
2012-02-21,48.86
2012-02-22,48.68
2012-02-23,49.0
2012-02-24,49.57
2012-02-27,49.89
2012-02-28,50.81
2012-02-29,51.47
2012-03-01,51.67
2012-03-02,51.73
2012-03-05,50.59
2012-03-06,50.32
2012-03-07,50.36
2012-03-08,51.43
2012-03-09,51.73
2012-03-12,52.38
2012-03-13,53.91
2012-03-14,55.95
2012-03-15,55.57
2012-03-16,55.57
2012-03-19,57.04
2012-03-20,57.5
2012-03-21,57.17
2012-03-22,56.87
2012-03-23,56.56
2012-03-26,57.6
2012-03-27,58.31
2012-03-28,58.61
2012-03-29,57.87
2012-03-30,56.89
2012-04-02,58.7
2012-04-03,59.72
2012-04-04,59.24
2012-04-05,60.13
2012-04-09,60.37
2012-04-10,59.63
2012-04-11,59.42
2012-04-12,59.1
2012-04-13,57.43
2012-04-16,55.05
2012-04-17,57.86
2012-04-18,57.73
2012-04-19,55.74
2012-04-20,54.37
2012-04-23,54.25
2012-04-24,53.17
2012-04-25,57.88
2012-04-26,57.67
2012-04-27,57.22
2012-04-30,55.42
2012-05-01,55.24
2012-05-02,55.6
2012-05-03,55.21
2012-05-04,53.64
2012-05-07,54.04
2012-05-08,53.92
2012-05-09,54.01
2012-05-10,54.14
2012-05-11,53.78
2012-05-14,52.97
2012-05-15,52.49
2012-05-16,51.82
2012-05-17,50.3
2012-05-18,50.33
2012-05-21,53.26
2012-05-22,52.85
2012-05-23,54.14
2012-05-24,53.64
2012-05-25,53.36
2012-05-29,54.3
2012-05-30,54.96
2012-05-31,54.82
2012-06-01,53.23
2012-06-04,53.55
2012-06-05,53.41
2012-06-06,54.23
2012-06-07,54.25
2012-06-08,55.07
2012-06-11,54.2
2012-06-12,54.67
2012-06-13,54.29
2012-06-14,54.23
2012-06-15,54.48
2012-06-18,55.59
2012-06-19,55.74
2012-06-20,55.58
2012-06-21,54.82
2012-06-22,55.24
2012-06-25,54.16
2012-06-26,54.28
2012-06-27,54.52
2012-06-28,54.0
2012-06-29,55.42
2012-07-02,56.23
2012-07-03,56.88
2012-07-05,57.88
2012-07-06,57.49
2012-07-09,58.25
2012-07-10,57.71
2012-07-11,57.36
2012-07-12,56.83
2012-07-13,57.41
2012-07-16,57.59
2012-07-17,57.59
2012-07-18,57.53
2012-07-19,58.29
2012-07-20,57.34
2012-07-23,57.3
2012-07-24,57.02
2012-07-25,54.56
2012-07-26,54.55
2012-07-27,55.53
2012-07-30,56.46
2012-07-31,57.96
2012-08-01,57.58
2012-08-02,57.67
2012-08-03,58.43
2012-08-06,59.08
2012-08-07,58.92
2012-08-08,58.82
2012-08-09,60.72
2012-08-10,60.81
2012-08-13,61.63
2012-08-14,61.79
2012-08-15,61.71
2012-08-16,62.25
2012-08-17,63.4
2012-08-20,65.06
2012-08-21,64.18
2012-08-22,65.43
2012-08-23,64.82
2012-08-24,64.88
2012-08-27,66.09
2012-08-28,66.01
2012-08-29,65.88
2012-08-30,64.94
2012-08-31,65.07
2012-09-04,66.03
2012-09-05,65.56
2012-09-06,66.15
2012-09-07,66.56
2012-09-10,64.83
2012-09-11,64.62
2012-09-12,65.52
2012-09-13,66.81
2012-09-14,67.62
2012-09-17,68.45
2012-09-18,68.66
2012-09-19,68.68
2012-09-20,68.35
2012-09-21,68.48
2012-09-24,67.57
2012-09-25,65.89
2012-09-26,65.07
2012-09-27,66.65
2012-09-28,65.26
2012-10-01,64.5
2012-10-02,64.69
2012-10-03,65.68
2012-10-04,65.23
2012-10-05,63.84
2012-10-08,62.43
2012-10-09,62.2
2012-10-10,62.69
2012-10-11,61.44
2012-10-12,61.6
2012-10-15,62.09
2012-10-16,63.56
2012-10-17,63.06
2012-10-18,61.88
2012-10-19,59.65
2012-10-22,62.02
2012-10-23,60.0
2012-10-24,60.34
2012-10-25,59.62
2012-10-26,59.08
2012-10-31,58.23
2012-11-01,58.35
2012-11-02,56.42
2012-11-05,57.19
2012-11-06,57.01
2012-11-07,56.38
2012-11-08,54.33
2012-11-09,55.27
2012-11-12,54.84
2012-11-13,54.85
2012-11-14,54.24
2012-11-15,53.11
2012-11-16,53.31
2012-11-19,57.16
2012-11-20,56.67
2012-11-21,56.75
2012-11-23,57.74
2012-11-26,59.56
2012-11-27,59.08
2012-11-28,58.9
2012-11-29,59.55
2012-11-30,59.13
2012-12-03,59.23
2012-12-04,58.18
2012-12-05,54.44
2012-12-06,55.29
2012-12-07,53.88
2012-12-10,53.53
2012-12-11,54.7
2012-12-12,54.46
2012-12-13,53.52
2012-12-14,51.51
2012-12-17,52.42
2012-12-18,53.94
2012-12-19,53.18
2012-12-20,52.71
2012-12-21,52.47
2012-12-24,52.56
2012-12-26,51.83
2012-12-27,52.04
2012-12-28,51.49
2012-12-31,53.77
2013-01-02,55.47
2013-01-03,54.77
2013-01-04,53.25
2013-01-07,52.93
2013-01-08,53.07
2013-01-09,52.25
2013-01-10,52.89
2013-01-11,52.57
2013-01-14,50.69
2013-01-15,49.09
2013-01-16,51.13
2013-01-17,50.79
2013-01-18,50.52
2013-01-22,51.0
2013-01-23,51.93
2013-01-24,45.52
2013-01-25,44.44
2013-01-28,45.45
2013-01-29,46.3
2013-01-30,46.16
2013-01-31,46.02
2013-02-01,45.83
2013-02-04,44.69
2013-02-05,46.26
2013-02-06,46.21
2013-02-07,49.31
2013-02-08,50.02
2013-02-11,50.54
2013-02-12,49.27
2013-02-13,49.18
2013-02-14,49.13
2013-02-15,48.46
2013-02-19,48.44
2013-02-20,47.27
2013-02-21,46.97
2013-02-22,47.47
2013-02-25,46.63
2013-02-26,47.28
2013-02-27,46.82
2013-02-28,46.48
2013-03-01,45.33
2013-03-04,44.23
2013-03-05,45.4
2013-03-06,44.82
2013-03-07,45.34
2013-03-08,45.46
2013-03-11,46.11
2013-03-12,45.12
2013-03-13,45.11
2013-03-14,45.54
2013-03-15,46.72
2013-03-18,47.99
2013-03-19,47.86
2013-03-20,47.61
2013-03-21,47.68
2013-03-22,48.64
2013-03-25,48.82
2013-03-26,48.56
2013-03-27,47.61
2013-03-28,46.61
2013-04-01,45.17
2013-04-02,45.26
2013-04-03,45.49
2013-04-04,45.04
2013-04-05,44.57
2013-04-08,44.88
2013-04-09,44.96
2013-04-10,45.88
2013-04-11,45.74
2013-04-12,45.26
2013-04-15,44.21
2013-04-16,44.89
2013-04-17,42.42
2013-04-18,41.29
2013-04-19,41.13
2013-04-22,41.98
2013-04-23,42.77
2013-04-24,42.7
2013-04-25,43.0
2013-04-26,43.93
2013-04-29,45.29
2013-04-30,46.63
2013-05-01,46.26
2013-05-02,46.92
2013-05-03,47.39
2013-05-06,48.52
2013-05-07,48.3
2013-05-08,48.85
2013-05-09,50.42
2013-05-10,50.0
2013-05-13,50.2
2013-05-14,49.0
2013-05-15,47.34
2013-05-16,47.97
2013-05-17,47.83
2013-05-20,48.89
2013-05-21,48.53
2013-05-22,48.72
2013-05-23,48.81
2013-05-24,49.14
2013-05-28,48.73
2013-05-29,49.12
2013-05-30,49.85
2013-05-31,49.64
2013-06-03,49.75
2013-06-04,49.6
2013-06-05,49.13
2013-06-06,48.4
2013-06-07,48.77
2013-06-10,48.45
2013-06-11,48.31
2013-06-12,47.71
2013-06-13,48.12
2013-06-14,47.47
2013-06-17,47.69
2013-06-18,47.66
2013-06-19,46.69
2013-06-20,46.01
2013-06-21,45.65
2013-06-24,44.44
2013-06-25,44.45
2013-06-26,43.94
2013-06-27,43.47
2013-06-28,43.77
2013-07-01,45.17
2013-07-02,46.2
2013-07-03,46.45
2013-07-05,46.08
2013-07-08,45.82
2013-07-09,46.62
2013-07-10,46.44
2013-07-11,47.17
2013-07-12,47.08
2013-07-15,47.18
2013-07-16,47.49
2013-07-17,47.5
2013-07-18,47.66
2013-07-19,46.91
2013-07-22,47.06
2013-07-23,46.25
2013-07-24,48.63
2013-07-25,48.4
2013-07-26,48.68
2013-07-29,49.43
2013-07-30,50.04
2013-07-31,49.95
2013-08-01,50.41
2013-08-02,51.06
2013-08-05,51.82
2013-08-06,51.36
2013-08-07,51.33
2013-08-08,53.34
2013-08-09,52.58
2013-08-12,54.07
2013-08-13,56.64
2013-08-14,57.68
2013-08-15,57.61
2013-08-16,58.12
2013-08-19,58.75
2013-08-20,57.97
2013-08-21,58.12
2013-08-22,58.19
2013-08-23,57.97
2013-08-26,58.19
2013-08-27,56.53
2013-08-28,56.8
2013-08-29,56.89
2013-08-30,56.37
2013-09-03,56.53
2013-09-04,57.7
2013-09-05,57.3
2013-09-06,57.64
2013-09-09,58.56
2013-09-10,57.23
2013-09-11,54.11
2013-09-12,54.69
2013-09-13,53.79
2013-09-16,52.08
2013-09-17,52.68
2013-09-18,53.76
2013-09-19,54.64
2013-09-20,54.08
2013-09-23,56.77
2013-09-24,56.59
2013-09-25,55.71
2013-09-26,56.26
2013-09-27,55.85
2013-09-30,55.16
2013-10-01,56.46
2013-10-02,56.64
2013-10-03,55.93
2013-10-04,55.89
2013-10-07,56.43
2013-10-08,55.64
2013-10-09,56.3
2013-10-10,56.65
2013-10-11,57.02
2013-10-14,57.39
2013-10-15,57.7
2013-10-16,57.98
2013-10-17,58.37
2013-10-18,58.88
2013-10-21,60.32
2013-10-22,60.15
2013-10-23,60.74
2013-10-24,61.54
2013-10-25,60.85
2013-10-28,61.31
2013-10-29,59.78
2013-10-30,60.73
2013-10-31,60.48
2013-11-01,60.17
2013-11-04,60.94
2013-11-05,60.79
2013-11-06,62.82
2013-11-07,61.81
2013-11-08,62.78
2013-11-11,62.6
2013-11-12,62.71
2013-11-13,62.79
2013-11-14,63.7
2013-11-15,63.31
2013-11-18,62.55
2013-11-19,62.66
2013-11-20,62.11
2013-11-21,62.85
2013-11-22,62.69
2013-11-25,63.16
2013-11-26,64.33
2013-11-27,65.84
2013-11-29,67.06
2013-12-02,66.48
2013-12-03,68.3
2013-12-04,68.14
2013-12-05,68.49
2013-12-06,67.54
2013-12-09,68.31
2013-12-10,68.21
2013-12-11,67.7
2013-12-12,67.6
2013-12-13,66.86
2013-12-16,67.23
2013-12-17,66.93
2013-12-18,66.42
2013-12-19,65.66
2013-12-20,66.21
2013-12-23,68.75
2013-12-24,68.46
2013-12-26,68.01
2013-12-27,67.55
2013-12-30,66.88
2013-12-31,67.66
2014-01-02,66.71
2014-01-03,65.24
2014-01-06,65.6
2014-01-07,65.13
2014-01-08,65.54
2014-01-09,64.7
2014-01-10,64.27
2014-01-13,64.61
2014-01-14,65.89
2014-01-15,67.22
2014-01-16,66.84
2014-01-17,65.2
2014-01-21,66.22
2014-01-22,66.51
2014-01-23,67.08
2014-01-24,65.86
2014-01-27,66.39
2014-01-28,61.08
2014-01-29,60.39
2014-01-30,60.27
2014-01-31,60.37
2014-02-03,60.48
2014-02-04,61.36
2014-02-05,61.82
2014-02-06,64.49
2014-02-07,65.4
2014-02-10,66.57
2014-02-11,67.45
2014-02-12,67.44
2014-02-13,68.51
2014-02-14,68.46
2014-02-18,68.71
2014-02-19,67.62
2014-02-20,66.84
2014-02-21,66.1
2014-02-24,66.39
2014-02-25,65.7
2014-02-26,65.1
2014-02-27,66.4
2014-02-28,66.22
2014-03-03,66.41
2014-03-04,66.85
2014-03-05,66.99
2014-03-06,66.79
2014-03-07,66.75
2014-03-10,66.81
2014-03-11,67.46
2014-03-12,67.53
2014-03-13,66.78
2014-03-14,66.03
2014-03-17,66.29
2014-03-18,66.87
2014-03-19,66.85
2014-03-20,66.53
2014-03-21,67.06
2014-03-24,67.85
2014-03-25,68.58
2014-03-26,67.93
2014-03-27,67.63
2014-03-28,67.56
2014-03-31,67.54
2014-04-01,68.16
2014-04-02,68.28
2014-04-03,67.8
2014-04-04,66.92
2014-04-07,65.87
2014-04-08,65.87
2014-04-09,66.74
2014-04-10,65.88
2014-04-11,65.39
2014-04-14,65.65
2014-04-15,65.18
2014-04-16,65.31
2014-04-17,66.06
2014-04-21,66.84
2014-04-22,66.91
2014-04-23,66.04
2014-04-24,71.45
2014-04-25,71.97
2014-04-28,74.76
2014-04-29,74.54
2014-04-30,74.26
2014-05-01,74.43
2014-05-02,74.57
2014-05-05,75.63
2014-05-06,74.8
2014-05-07,74.54
2014-05-08,76.99
2014-05-09,76.67
2014-05-12,77.62
2014-05-13,77.74
2014-05-14,77.76
2014-05-15,77.1
2014-05-16,78.23
2014-05-19,79.16
2014-05-20,79.18
2014-05-21,79.39
2014-05-22,79.51
2014-05-23,80.41
2014-05-27,81.92
2014-05-28,81.7
2014-05-29,83.19
2014-05-30,82.88
2014-06-02,82.31
2014-06-03,83.47
2014-06-04,84.43
2014-06-05,84.76
2014-06-06,84.53
2014-06-09,85.88
2014-06-10,86.38
2014-06-11,86.02
2014-06-12,84.59
2014-06-13,83.66
2014-06-16,84.5
2014-06-17,84.39
2014-06-18,84.49
2014-06-19,84.19
2014-06-20,83.32
2014-06-23,83.25
2014-06-24,82.74
2014-06-25,82.82
2014-06-26,83.31
2014-06-27,84.3
2014-06-30,85.17
2014-07-01,85.71
2014-07-02,85.68
2014-07-03,86.18
2014-07-07,87.96
2014-07-08,87.39
2014-07-09,87.43
2014-07-10,87.11
2014-07-11,87.27
2014-07-14,88.4
2014-07-15,87.36
2014-07-16,86.87
2014-07-17,85.32
2014-07-18,86.55
2014-07-21,86.1
2014-07-22,86.81
2014-07-23,89.08
2014-07-24,88.93
2014-07-25,89.52
2014-07-28,90.75
2014-07-29,90.17
2014-07-30,89.96
2014-07-31,87.62
2014-08-01,88.11
2014-08-04,87.61
2014-08-05,87.18
2014-08-06,87.03
2014-08-07,87.02
2014-08-08,87.26
2014-08-11,88.41
2014-08-12,88.4
2014-08-13,89.57
2014-08-14,89.81
2014-08-15,90.25
2014-08-18,91.33
2014-08-19,92.6
2014-08-20,92.63
2014-08-21,92.64
2014-08-22,93.32
2014-08-25,93.53
2014-08-26,92.93
2014-08-27,94.07
2014-08-28,94.18
2014-08-29,94.41
2014-09-02,95.15
2014-09-03,91.13
2014-09-04,90.38
2014-09-05,91.16
2014-09-08,90.6
2014-09-09,90.26
2014-09-10,93.03
2014-09-11,93.43
2014-09-12,93.64
2014-09-15,93.61
2014-09-16,92.9
2014-09-17,93.56
2014-09-18,93.76
2014-09-19,92.99
2014-09-22,93.08
2014-09-23,94.54
2014-09-24,93.72
2014-09-25,90.15
2014-09-26,92.8
2014-09-29,92.21
2014-09-30,92.8
2014-10-01,91.35
2014-10-02,92.02
2014-10-03,91.76
2014-10-06,91.76
2014-10-07,90.96
2014-10-08,92.85
2014-10-09,93.05
2014-10-10,92.78
2014-10-13,91.93
2014-10-14,90.96
2014-10-15,89.84
2014-10-16,88.66
2014-10-17,89.96
2014-10-20,91.89
2014-10-21,94.38
2014-10-22,94.86
2014-10-23,96.56
2014-10-24,96.92
2014-10-27,96.82
2014-10-28,98.32
2014-10-29,98.87
2014-10-30,98.54
2014-10-31,99.48
2014-11-03,100.77
2014-11-04,100.03
2014-11-05,100.27
2014-11-06,100.56
2014-11-07,100.84
2014-11-10,100.68
2014-11-11,101.48
2014-11-12,102.91
2014-11-13,104.37
2014-11-14,105.63
2014-11-17,105.45
2014-11-18,106.82
2014-11-19,106.08
2014-11-20,107.6
2014-11-21,107.74
2014-11-24,109.74
2014-11-25,108.79
2014-11-26,110.08
2014-11-28,110.02
2014-12-01,106.45
2014-12-02,106.04
2014-12-03,107.24
2014-12-04,106.84
2014-12-05,106.38
2014-12-08,103.98
2014-12-09,105.57
2014-12-10,103.56
2014-12-11,103.26
2014-12-12,101.51
2014-12-15,100.12
2014-12-16,98.75
2014-12-17,101.21
2014-12-18,104.21
2014-12-19,103.41
2014-12-22,104.48
2014-12-23,104.11
2014-12-24,103.62
2014-12-26,105.45
2014-12-29,105.38
2014-12-30,104.09
2014-12-31,102.11
2015-01-02,101.14
2015-01-05,98.29
2015-01-06,98.3
2015-01-07,99.68
2015-01-08,103.51
2015-01-09,103.62
2015-01-12,101.06
2015-01-13,101.96
2015-01-14,101.57
2015-01-15,98.82
2015-01-16,98.05
2015-01-20,100.57
2015-01-21,101.34
2015-01-22,103.98
2015-01-23,104.52
2015-01-26,104.63
2015-01-27,100.96
2015-01-28,106.67
2015-01-29,109.99
2015-01-30,108.38
2015-02-02,109.74
2015-02-03,109.76
2015-02-04,110.6
2015-02-05,111.39
2015-02-06,110.45
2015-02-09,111.19
2015-02-10,113.32
2015-02-11,115.98
2015-02-12,117.45
2015-02-13,118.02
2015-02-17,118.72
2015-02-18,119.55
2015-02-19,119.3
2015-02-20,120.27
2015-02-23,123.52
2015-02-24,122.75
2015-02-25,119.61
2015-02-26,121.12
2015-02-27,119.3
2015-03-02,119.89
2015-03-03,120.14
2015-03-04,119.38
2015-03-05,117.4
2015-03-06,117.58
2015-03-09,118.08
2015-03-10,115.64
2015-03-11,113.53
2015-03-12,115.58
2015-03-13,114.78
2015-03-16,116.04
2015-03-17,117.99
2015-03-18,119.31
2015-03-19,118.41
2015-03-20,116.93
2015-03-23,118.14
2015-03-24,117.66
2015-03-25,114.59
2015-03-26,115.39
2015-03-27,114.47
2015-03-30,117.36
2015-03-31,115.56
2015-04-01,115.39
2015-04-02,116.39
2015-04-06,118.27
2015-04-07,117.03
2015-04-08,116.65
2015-04-09,117.54
2015-04-10,118.04
2015-04-13,117.81
2015-04-14,117.3
2015-04-15,117.74
2015-04-16,117.18
2015-04-17,115.86
2015-04-20,118.51
2015-04-21,117.86
2015-04-22,119.45
2015-04-23,120.43
2015-04-24,120.99
2015-04-27,123.2
2015-04-28,121.25
2015-04-29,119.47
2015-04-30,116.23
2015-05-01,119.76
2015-05-04,119.53
2015-05-05,116.83
2015-05-06,116.1
2015-05-07,116.82
2015-05-08,119.02
2015-05-11,117.81
2015-05-12,117.39
2015-05-13,117.52
2015-05-14,120.26
2015-05-15,120.09
2015-05-18,121.42
2015-05-19,121.3
2015-05-20,121.29
2015-05-21,122.54
2015-05-22,123.61
2015-05-26,120.88
2015-05-27,123.14
2015-05-28,122.9
2015-05-29,121.5
2015-06-01,121.74
2015-06-02,121.2
2015-06-03,121.35
2015-06-04,120.64
2015-06-05,119.98
2015-06-08,119.19
2015-06-09,118.83
2015-06-10,120.19
2015-06-11,119.92
2015-06-12,118.6
2015-06-15,118.37
2015-06-16,119.0
2015-06-17,118.72
2015-06-18,119.26
2015-06-19,118.07
2015-06-22,119.01
2015-06-23,118.47
2015-06-24,119.48
2015-06-25,118.91
2015-06-26,118.21
2015-06-29,116.14
2015-06-30,116.98
2015-07-01,118.07
2015-07-02,117.92
2015-07-06,117.51
2015-07-07,117.22
2015-07-08,114.31
2015-07-09,111.98
2015-07-10,114.97
2015-07-13,117.19
2015-07-14,117.14
2015-07-15,118.27
2015-07-16,119.85
2015-07-17,120.88
2015-07-20,123.17
2015-07-21,121.94
2015-07-22,116.78
2015-07-23,116.73
2015-07-24,116.11
2015-07-27,114.5
2015-07-28,115.07
2015-07-29,114.7
2015-07-30,114.12
2015-07-31,113.13
2015-08-03,110.46
2015-08-04,106.91
2015-08-05,107.62
2015-08-06,107.86
2015-08-07,108.22
2015-08-10,112.16
2015-08-11,106.32
2015-08-12,107.96
2015-08-13,107.88
2015-08-14,108.63
2015-08-17,109.76
2015-08-18,109.14
2015-08-19,107.74
2015-08-20,105.53
2015-08-21,99.08
2015-08-24,96.61
2015-08-25,97.19
2015-08-26,102.76
2015-08-27,105.79
2015-08-28,106.13
2015-08-31,105.64
2015-09-01,100.92
2015-09-02,105.24
2015-09-03,103.4
2015-09-04,102.37
2015-09-08,105.22
2015-09-09,103.19
2015-09-10,105.46
2015-09-11,107.0
2015-09-14,108.03
2015-09-15,108.93
2015-09-16,109.06
2015-09-17,106.72
2015-09-18,106.28
2015-09-21,107.93
2015-09-22,106.24
2015-09-23,107.1
2015-09-24,107.74
2015-09-25,107.46
2015-09-28,105.34
2015-09-29,102.17
2015-09-30,103.33
2015-10-01,102.66
2015-10-02,103.41
2015-10-05,103.78
2015-10-06,104.28
2015-10-07,103.78
2015-10-08,102.58
2015-10-09,105.04
2015-10-12,104.55
2015-10-13,104.73
2015-10-14,103.25
2015-10-15,104.79
2015-10-16,104.03
2015-10-19,104.67
2015-10-20,106.58
2015-10-21,106.57
2015-10-22,108.2
2015-10-23,111.56
2015-10-26,108.0
2015-10-27,107.31
2015-10-28,111.74
2015-10-29,112.92
2015-10-30,111.95
2015-11-02,113.52
2015-11-03,114.83
2015-11-04,114.29
2015-11-05,113.77
2015-11-06,113.9
2015-11-09,113.44
2015-11-10,109.86
2015-11-11,109.24
2015-11-12,108.87
2015-11-13,105.69
2015-11-16,107.43
2015-11-17,106.96
2015-11-18,110.35
2015-11-19,111.75
2015-11-20,112.24
2015-11-23,110.78
2015-11-24,111.85
2015-11-25,111.05
2015-11-27,110.84
2015-11-30,111.3
2015-12-01,110.4
2015-12-02,109.4
2015-12-03,108.38
2015-12-04,111.99
2015-12-07,111.28
2015-12-08,111.24
2015-12-09,108.78
2015-12-10,109.3
2015-12-11,106.48
2015-12-14,105.83
2015-12-15,103.95
2015-12-16,104.75
2015-12-17,102.53
2015-12-18,99.76
2015-12-21,100.98
2015-12-22,100.89
2015-12-23,102.18
2015-12-24,101.64
2015-12-28,100.5
2015-12-29,102.31
2015-12-30,100.97
2015-12-31,99.03
2016-01-04,99.12
2016-01-05,96.63
2016-01-06,94.74
2016-01-07,90.74
2016-01-08,91.22
2016-01-11,92.7
2016-01-12,94.05
2016-01-13,91.63
2016-01-14,93.63
2016-01-15,91.38
2016-01-19,90.94
2016-01-20,91.06
2016-01-21,90.6
2016-01-22,95.42
2016-01-25,93.56
2016-01-26,94.07
2016-01-27,87.89
2016-01-28,88.52
2016-01-29,91.58
2016-02-01,90.73
2016-02-02,88.89
2016-02-03,90.65
2016-02-04,91.38
2016-02-05,88.94
2016-02-08,89.87
2016-02-09,89.86
2016-02-10,89.17
2016-02-11,88.63
2016-02-12,88.91
2016-02-16,91.42
2016-02-17,92.82
2016-02-18,91.06
2016-02-19,90.85
2016-02-22,91.64
2016-02-23,89.57
2016-02-24,90.91
2016-02-25,91.53
2016-02-26,91.67
2016-02-29,91.46
2016-03-01,95.1
2016-03-02,95.3
2016-03-03,96.01
2016-03-04,97.44
2016-03-07,96.36
2016-03-08,95.57
2016-03-09,95.65
2016-03-10,95.7
2016-03-11,96.73
2016-03-14,96.98
2016-03-15,98.93
2016-03-16,100.24
2016-03-17,100.08
2016-03-18,100.19
2016-03-21,100.18
2016-03-22,100.95
2016-03-23,100.39
2016-03-24,99.96
2016-03-28,99.5
2016-03-29,101.86
2016-03-30,103.64
2016-03-31,103.1
2016-04-01,104.04
2016-04-04,105.11
2016-04-05,103.87
2016-04-06,104.96
2016-04-07,102.67
2016-04-08,102.79
2016-04-11,103.13
2016-04-12,104.47
2016-04-13,105.98
2016-04-14,106.04
2016-04-15,103.91
2016-04-18,101.67
2016-04-19,101.13
2016-04-20,101.34
2016-04-21,100.24
2016-04-22,99.97
2016-04-25,99.4
2016-04-26,98.71
2016-04-27,92.53
2016-04-28,89.7
2016-04-29,88.67
2016-05-02,88.58
2016-05-03,90.03
2016-05-04,89.1
2016-05-05,88.74
2016-05-06,88.24
2016-05-09,88.31
2016-05-10,88.91
2016-05-11,88.04
2016-05-12,85.98
2016-05-13,86.15
2016-05-16,89.35
2016-05-17,88.97
2016-05-18,89.99
2016-05-19,89.65
2016-05-20,90.62
2016-05-23,91.77
2016-05-24,93.17
2016-05-25,94.81
2016-05-26,95.56
2016-05-27,95.5
2016-05-31,95.04
2016-06-01,93.7
2016-06-02,93.0
2016-06-03,93.19
2016-06-06,93.87
2016-06-07,94.25
2016-06-08,94.16
2016-06-09,94.84
2016-06-10,94.06
2016-06-13,92.64
2016-06-14,92.75
2016-06-15,92.45
2016-06-16,92.84
2016-06-17,90.73
2016-06-20,90.51
2016-06-21,91.28
2016-06-22,90.94
2016-06-23,91.46
2016-06-24,88.89
2016-06-27,87.59
2016-06-28,89.07
2016-06-29,89.84
2016-06-30,90.98
2016-07-01,91.26
2016-07-05,90.4
2016-07-06,90.92
2016-07-07,91.31
2016-07-08,92.01
2016-07-11,92.3
2016-07-12,92.71
2016-07-13,92.19
2016-07-14,94.02
2016-07-15,94.01
2016-07-18,95.01
2016-07-19,95.05
2016-07-20,95.13
2016-07-21,94.63
2016-07-22,93.9
2016-07-25,92.64
2016-07-26,92.0
2016-07-27,97.98
2016-07-28,99.3
2016-07-29,99.18
2016-08-01,100.93
2016-08-02,99.43
2016-08-03,100.68
2016-08-04,101.3
2016-08-05,102.84
2016-08-08,103.69
2016-08-09,104.12
2016-08-10,103.34
2016-08-11,103.27
2016-08-12,103.51
2016-08-15,104.76
2016-08-16,104.66
2016-08-17,104.51
2016-08-18,104.37
2016-08-19,104.64
2016-08-22,103.83
2016-08-23,104.15
2016-08-24,103.37
2016-08-25,102.93
2016-08-26,102.33
2016-08-29,102.21
2016-08-30,101.43
2016-08-31,101.52
2016-09-01,102.13
2016-09-02,103.08
2016-09-06,103.05
2016-09-07,103.69
2016-09-08,100.97
2016-09-09,98.68
2016-09-12,100.89
2016-09-13,103.29
2016-09-14,106.95
2016-09-15,110.58
2016-09-16,109.96
2016-09-19,108.68
2016-09-20,108.67
2016-09-21,108.65
2016-09-22,109.68
2016-09-23,107.85
2016-09-26,108.01
2016-09-27,108.21
2016-09-28,109.03
2016-09-29,107.34
2016-09-30,108.17
2016-10-03,107.67
2016-10-04,108.13
2016-10-05,108.17
2016-10-06,108.98
2016-10-07,109.14
2016-10-10,111.04
2016-10-11,111.28
2016-10-12,112.28
2016-10-13,111.93
2016-10-14,112.56
2016-10-17,112.48
2016-10-18,112.4
2016-10-19,112.07
2016-10-20,112.01
2016-10-21,111.57
2016-10-24,112.57
2016-10-25,113.15
2016-10-26,110.6
2016-10-27,109.54
2016-10-28,108.81
2016-10-31,108.64
2016-11-01,106.68
2016-11-02,106.78
2016-11-03,105.63
2016-11-04,104.68
2016-11-07,106.19
2016-11-08,106.81
2016-11-09,106.64
2016-11-10,103.67
2016-11-11,104.28
2016-11-14,101.67
2016-11-15,103.02
2016-11-16,105.79
2016-11-17,105.75
2016-11-18,105.85
2016-11-21,107.46
2016-11-22,107.53
2016-11-23,106.98
2016-11-25,107.52
2016-11-28,107.3
2016-11-29,107.2
2016-11-30,106.3
2016-12-01,105.3
2016-12-02,105.7
2016-12-05,104.94
2016-12-06,105.75
2016-12-07,106.79
2016-12-08,107.83
2016-12-09,109.59
2016-12-12,108.97
2016-12-13,110.79
2016-12-14,110.79
2016-12-15,111.39
2016-12-16,111.54
2016-12-19,112.18
2016-12-20,112.48
2016-12-21,112.59
2016-12-22,111.84
2016-12-23,112.07
2016-12-27,112.78
2016-12-28,112.3
2016-12-29,112.27
2016-12-30,111.39
2017-01-03,111.71
2017-01-04,111.58
2017-01-05,112.15
2017-01-06,113.4
2017-01-09,114.44
2017-01-10,114.56
2017-01-11,115.17
2017-01-12,114.69
2017-01-13,114.49
2017-01-17,115.41
2017-01-18,115.4
2017-01-19,115.2
2017-01-20,115.41
2017-01-23,115.49
2017-01-24,115.38
2017-01-25,117.22
2017-01-26,117.28
2017-01-27,117.29
2017-01-30,116.98
2017-01-31,116.71
2017-02-01,123.83
2017-02-02,123.62
2017-02-03,124.15
2017-02-06,125.31
2017-02-07,126.5
2017-02-08,126.99
2017-02-09,127.91
2017-02-10,127.62
2017-02-13,128.75
2017-02-14,130.42
2017-02-15,130.89
2017-02-16,130.74
2017-02-17,131.1
2017-02-21,132.04
2017-02-22,132.44
2017-02-23,131.88
2017-02-24,132.01
2017-02-27,132.27
2017-02-28,132.32
2017-03-01,135.03
2017-03-02,134.23
2017-03-03,135.02
2017-03-06,134.59
2017-03-07,134.77
2017-03-08,134.27
2017-03-09,133.96
2017-03-10,134.4
2017-03-13,134.46
2017-03-14,134.26
2017-03-15,135.68
2017-03-16,135.9
2017-03-17,135.22
2017-03-20,136.64
2017-03-21,135.08
2017-03-22,136.6
2017-03-23,136.12
2017-03-24,135.85
2017-03-27,136.08
2017-03-28,138.9
2017-03-29,139.21
2017-03-30,139.03
2017-03-31,138.77
2017-04-03,138.81
2017-04-04,139.84
2017-04-05,139.11
2017-04-06,138.77
2017-04-07,138.46
2017-04-10,138.29
2017-04-11,136.81
2017-04-12,136.97
2017-04-13,136.25
2017-04-17,137.0
2017-04-18,136.39
2017-04-19,135.89
2017-04-20,137.59
2017-04-21,137.42
2017-04-24,138.75
2017-04-25,139.61
2017-04-26,138.79
2017-04-27,138.89
2017-04-28,138.76
2017-05-01,141.59
2017-05-02,142.49
2017-05-03,142.05
2017-05-04,141.54
2017-05-05,143.89
2017-05-08,147.8
2017-05-09,148.75
2017-05-10,148.04
2017-05-11,149.32
2017-05-12,151.41
2017-05-15,151.02
2017-05-16,150.79
2017-05-17,145.73
2017-05-18,147.95
2017-05-19,148.46
2017-05-22,149.36
2017-05-23,149.18
2017-05-24,148.73
2017-05-25,149.24
2017-05-26,148.99
2017-05-30,149.05
2017-05-31,148.17
2017-06-01,148.57
2017-06-02,150.78
2017-06-05,149.3
2017-06-06,149.81
2017-06-07,150.7
2017-06-08,150.33
2017-06-09,144.5
2017-06-12,141.05
2017-06-13,142.18
2017-06-14,140.79
2017-06-15,139.95
2017-06-16,137.99
2017-06-19,141.94
2017-06-20,140.65
2017-06-21,141.48
2017-06-22,141.25
2017-06-23,141.88
2017-06-26,141.44
2017-06-27,139.41
2017-06-28,141.44
2017-06-29,139.36
2017-06-30,139.69
2017-07-03,139.18
2017-07-05,139.76
2017-07-06,138.44
2017-07-07,139.84
2017-07-10,140.7
2017-07-11,141.15
2017-07-12,141.36
2017-07-13,143.33
2017-07-14,144.56
2017-07-17,145.06
2017-07-18,145.57
2017-07-19,146.48
2017-07-20,145.82
2017-07-21,145.75
2017-07-24,147.52
2017-07-25,148.15
2017-07-26,148.85
2017-07-27,146.03
2017-07-28,145.0
2017-07-31,144.26
2017-08-01,145.54
2017-08-02,152.41
2017-08-03,150.89
2017-08-04,151.69
2017-08-07,154.03
2017-08-08,155.27
2017-08-09,156.22
2017-08-10,151.24
2017-08-11,153.34
2017-08-14,155.65
2017-08-15,157.36
2017-08-16,156.72
2017-08-17,153.71
2017-08-18,153.36
2017-08-21,153.08
2017-08-22,155.58
2017-08-23,155.78
2017-08-24,155.09
2017-08-25,155.66
2017-08-28,157.23
2017-08-29,158.63
2017-08-30,159.06
2017-08-31,159.69
2017-09-01,159.74
2017-09-05,157.82
2017-09-06,157.66
2017-09-07,157.02
2017-09-08,154.46
2017-09-11,157.26
2017-09-12,156.64
2017-09-13,155.46
2017-09-14,154.12
2017-09-15,155.68
2017-09-18,154.5
2017-09-19,154.56
2017-09-20,151.97
2017-09-21,149.36
2017-09-22,147.9
2017-09-25,146.6
2017-09-26,149.12
2017-09-27,150.18
2017-09-28,149.25
2017-09-29,150.07
2017-10-02,149.77
2017-10-03,150.42
2017-10-04,149.45
2017-10-05,151.31
2017-10-06,151.22
2017-10-09,151.75
2017-10-10,151.81
2017-10-11,152.44
2017-10-12,151.9
2017-10-13,152.87
2017-10-16,155.68
2017-10-17,156.26
2017-10-18,155.56
2017-10-19,151.88
2017-10-20,152.15
2017-10-23,152.07
2017-10-24,152.97
2017-10-25,152.3
2017-10-26,153.28
2017-10-27,158.77
2017-10-30,162.34
2017-10-31,164.6
2017-11-01,162.51
2017-11-02,163.7
2017-11-03,167.97
2017-11-06,169.67
2017-11-07,170.22
2017-11-08,171.61
2017-11-09,171.26
2017-11-10,170.69
2017-11-13,170.01
2017-11-14,167.44
2017-11-15,165.23
2017-11-16,167.21
2017-11-17,166.28
2017-11-20,166.11
2017-11-21,169.2
2017-11-22,170.98
2017-11-24,170.99
2017-11-27,170.13
2017-11-28,169.13
2017-11-29,165.62
2017-11-30,167.94
2017-12-01,167.16
2017-12-04,165.94
2017-12-05,165.78
2017-12-06,165.16
2017-12-07,165.47
2017-12-08,165.51
2017-12-11,168.74
2017-12-12,167.79
2017-12-13,168.35
2017-12-14,168.3
2017-12-15,170.01
2017-12-18,172.4
2017-12-19,170.57
2017-12-20,170.38
2017-12-21,171.03
2017-12-22,171.03
2017-12-26,166.69
2017-12-27,166.72
2017-12-28,167.19
2017-12-29,165.38
